bill_id,date,chamber,sequence,action
2034096,2025-05-28,House,1,"Referred To Appropriations A"
2034096,2025-05-28,House,2,"Title Suff Do Pass"
2034096,2025-05-28,House,3,Passed
2034096,2025-05-28,House,4,"Immediate Release"
2034096,2025-05-28,House,5,"Transmitted To Senate"
2034096,2025-05-28,House,6,"Motion to Reconsider Entered"
2034096,2025-05-28,House,7,"Recalled From Senate"
2034096,2025-05-29,House,8,"Motion to Reconsider Tabled"
2034096,2025-05-29,House,9,"Transmitted To Senate"
2034096,2025-05-29,Senate,10,"Referred To Appropriations"
2034096,2025-05-29,Senate,11,"Title Suff Do Pass"
2034096,2025-05-29,Senate,12,Passed
2034096,2025-05-29,Senate,13,"Returned For Enrolling"
2034096,2025-05-30,House,14,"Enrolled Bill Signed"
2034096,2025-05-30,Senate,15,"Enrolled Bill Signed"
2034096,2025-06-04,,16,"Approved by Governor"
2034097,2025-05-28,House,1,"Referred To Appropriations A"
2034097,2025-05-28,House,2,"Title Suff Do Pass"
2034097,2025-05-28,House,3,Passed
2034097,2025-05-28,House,4,"Immediate Release"
2034097,2025-05-28,House,5,"Transmitted To Senate"
2034097,2025-05-28,House,6,"Motion to Reconsider Entered"
2034097,2025-05-28,House,7,"Recalled From Senate"
2034097,2025-05-29,House,8,"Motion to Reconsider Tabled"
2034097,2025-05-29,House,9,"Transmitted To Senate"
2034097,2025-05-29,Senate,10,"Referred To Appropriations"
2034097,2025-05-29,Senate,11,"Title Suff Do Pass"
2034097,2025-05-29,Senate,12,Passed
2034097,2025-05-29,Senate,13,"Returned For Enrolling"
2034097,2025-05-30,House,14,"Enrolled Bill Signed"
2034097,2025-05-30,Senate,15,"Enrolled Bill Signed"
2034097,2025-06-04,,16,"Approved by Governor"
2034098,2025-05-28,Senate,1,"Referred To Appropriations"
2034098,2025-05-28,Senate,2,"Title Suff Do Pass"
2034098,2025-05-28,Senate,3,Passed
2034098,2025-05-28,Senate,4,"Immediate Release"
2034098,2025-05-28,Senate,5,"Transmitted To House"
2034098,2025-05-28,House,6,"Referred To Appropriations A"
2034098,2025-05-28,House,7,"Title Suff Do Pass"
2034098,2025-05-28,House,8,Passed
2034098,2025-05-28,House,9,"Motion to Reconsider Entered"
2034098,2025-05-29,House,10,"Motion to Reconsider Tabled"
2034098,2025-05-29,House,11,"Returned For Enrolling"
2034098,2025-05-30,Senate,12,"Enrolled Bill Signed"
2034098,2025-05-30,House,13,"Enrolled Bill Signed"
2034098,2025-06-04,,14,"Approved by Governor"
2034099,2025-05-28,House,1,"Referred To Appropriations A"
2034099,2025-05-28,House,2,"Title Suff Do Pass"
2034099,2025-05-28,House,3,Passed
2034099,2025-05-28,House,4,"Motion to Reconsider Entered"
2034099,2025-05-29,House,5,"Motion to Reconsider Tabled"
2034099,2025-05-29,House,6,"Transmitted To Senate"
2034099,2025-05-29,Senate,7,"Referred To Appropriations"
2034099,2025-05-29,Senate,8,"Title Suff Do Pass"
2034099,2025-05-29,Senate,9,Passed
2034099,2025-05-29,Senate,10,"Returned For Enrolling"
2034099,2025-06-02,House,11,"Enrolled Bill Signed"
2034099,2025-06-02,Senate,12,"Enrolled Bill Signed"
2034099,2025-06-17,,13,"Approved by Governor"
2034100,2025-05-28,Senate,1,"Referred To Appropriations"
2034100,2025-05-28,Senate,2,"Title Suff Do Pass"
2034100,2025-05-28,Senate,3,Passed
2034100,2025-05-28,Senate,4,"Immediate Release"
2034100,2025-05-28,Senate,5,"Transmitted To House"
2034100,2025-05-28,House,6,"Referred To Appropriations A"
2034100,2025-05-28,House,7,"Title Suff Do Pass"
2034100,2025-05-28,House,8,Passed
2034100,2025-05-28,House,9,"Motion to Reconsider Entered"
2034100,2025-05-29,House,10,"Motion to Reconsider Tabled"
2034100,2025-05-29,House,11,"Returned For Enrolling"
2034100,2025-05-30,Senate,12,"Enrolled Bill Signed"
2034100,2025-05-30,House,13,"Enrolled Bill Signed"
2034100,2025-06-17,,14,"Approved by Governor"
2034101,2025-05-28,Senate,1,"Referred To Appropriations"
2034101,2025-05-28,Senate,2,"Title Suff Do Pass"
2034101,2025-05-28,Senate,3,Passed
2034101,2025-05-28,Senate,4,"Immediate Release"
2034101,2025-05-28,Senate,5,"Transmitted To House"
2034101,2025-05-28,House,6,"Referred To Appropriations A"
2034101,2025-05-28,House,7,"Title Suff Do Pass"
2034101,2025-05-28,House,8,Passed
2034101,2025-05-28,House,9,"Motion to Reconsider Entered"
2034101,2025-05-29,House,10,"Motion to Reconsider Tabled"
2034101,2025-05-29,House,11,"Returned For Enrolling"
2034101,2025-06-02,Senate,12,"Enrolled Bill Signed"
2034101,2025-06-02,House,13,"Enrolled Bill Signed"
2034101,2025-06-17,,14,"Approved by Governor"
2034102,2025-05-28,House,1,"Referred To Appropriations A"
2034102,2025-05-28,House,2,"Title Suff Do Pass"
2034102,2025-05-28,House,3,Passed
2034102,2025-05-28,House,4,"Immediate Release"
2034102,2025-05-28,House,5,"Transmitted To Senate"
2034102,2025-05-28,House,6,"Motion to Reconsider Entered"
2034102,2025-05-28,House,7,"Recalled From Senate"
2034102,2025-05-29,House,8,"Motion to Reconsider Tabled"
2034102,2025-05-29,House,9,"Transmitted To Senate"
2034102,2025-05-29,Senate,10,"Referred To Appropriations"
2034102,2025-05-29,Senate,11,"Title Suff Do Pass"
2034102,2025-05-29,Senate,12,Passed
2034102,2025-05-29,Senate,13,"Returned For Enrolling"
2034102,2025-05-30,House,14,"Enrolled Bill Signed"
2034102,2025-05-30,Senate,15,"Enrolled Bill Signed"
2034102,2025-06-04,,16,"Approved by Governor"
2034103,2025-05-28,Senate,1,"Referred To Appropriations"
2034103,2025-05-28,Senate,2,"Title Suff Do Pass"
2034103,2025-05-28,Senate,3,Passed
2034103,2025-05-28,Senate,4,"Immediate Release"
2034103,2025-05-28,Senate,5,"Transmitted To House"
2034103,2025-05-28,House,6,"Referred To Appropriations A"
2034103,2025-05-28,House,7,"Title Suff Do Pass"
2034103,2025-05-28,House,8,Passed
2034103,2025-05-28,House,9,"Motion to Reconsider Entered"
2034103,2025-05-29,House,10,"Motion to Reconsider Tabled"
2034103,2025-05-29,House,11,"Returned For Enrolling"
2034103,2025-06-02,Senate,12,"Enrolled Bill Signed"
2034103,2025-06-02,House,13,"Enrolled Bill Signed"
2034103,2025-06-17,,14,"Approved by Governor"
2034104,2025-05-28,Senate,1,"Referred To Appropriations"
2034104,2025-05-28,Senate,2,"Title Suff Do Pass"
2034104,2025-05-28,Senate,3,Passed
2034104,2025-05-28,Senate,4,"Immediate Release"
2034104,2025-05-28,Senate,5,"Transmitted To House"
2034104,2025-05-28,House,6,"Referred To Appropriations A"
2034104,2025-05-28,House,7,"Title Suff Do Pass"
2034104,2025-05-28,House,8,Passed
2034104,2025-05-29,House,9,"Immediate Release"
2034104,2025-05-29,House,10,"Returned For Enrolling"
2034104,2025-05-30,Senate,11,"Enrolled Bill Signed"
2034104,2025-05-30,House,12,"Enrolled Bill Signed"
2034104,2025-06-04,,13,"Approved by Governor"
2034105,2025-05-28,House,1,"Referred To Appropriations A"
2034105,2025-05-28,House,2,"Title Suff Do Pass"
2034105,2025-05-28,House,3,Passed
2034105,2025-05-28,House,4,"Motion to Reconsider Entered"
2034105,2025-05-29,House,5,"Motion to Reconsider Tabled"
2034105,2025-05-29,House,6,"Transmitted To Senate"
2034105,2025-05-29,Senate,7,"Referred To Appropriations"
2034105,2025-05-29,Senate,8,"Title Suff Do Pass"
2034105,2025-05-29,Senate,9,Passed
2034105,2025-05-29,Senate,10,"Returned For Enrolling"
2034105,2025-06-02,House,11,"Enrolled Bill Signed"
2034105,2025-06-02,Senate,12,"Enrolled Bill Signed"
2034105,2025-06-19,,13,"Partially Vetoed By Governor"
2034106,2025-05-28,Senate,1,"Referred To Appropriations"
2034106,2025-05-28,Senate,2,"Title Suff Do Pass"
2034106,2025-05-28,Senate,3,Passed
2034106,2025-05-28,Senate,4,"Immediate Release"
2034106,2025-05-28,Senate,5,"Transmitted To House"
2034106,2025-05-28,House,6,"Referred To Appropriations A"
2034106,2025-05-28,House,7,"Title Suff Do Pass"
2034106,2025-05-28,House,8,Passed
2034106,2025-05-28,House,9,"Motion to Reconsider Entered"
2034106,2025-05-29,House,10,"Motion to Reconsider Tabled"
2034106,2025-05-29,House,11,"Returned For Enrolling"
2034106,2025-06-02,Senate,12,"Enrolled Bill Signed"
2034106,2025-06-02,House,13,"Enrolled Bill Signed"
2034106,2025-06-04,,14,"Approved by Governor"
2034107,2025-05-28,House,1,"Referred To Appropriations A"
2034107,2025-05-28,House,2,"Title Suff Do Pass"
2034107,2025-05-28,House,3,Passed
2034107,2025-05-28,House,4,"Motion to Reconsider Entered"
2034107,2025-05-29,House,5,"Motion to Reconsider Tabled"
2034107,2025-05-29,House,6,"Transmitted To Senate"
2034107,2025-05-29,Senate,7,"Referred To Appropriations"
2034107,2025-05-29,Senate,8,"Title Suff Do Pass"
2034107,2025-05-29,Senate,9,Passed
2034107,2025-05-29,Senate,10,"Returned For Enrolling"
2034107,2025-05-30,House,11,"Enrolled Bill Signed"
2034107,2025-05-30,Senate,12,"Enrolled Bill Signed"
2034107,2025-06-04,,13,"Approved by Governor"
2034108,2025-05-28,House,1,"Referred To Appropriations A"
2034108,2025-05-28,House,2,"Title Suff Do Pass"
2034108,2025-05-28,House,3,Passed
2034108,2025-05-28,House,4,"Motion to Reconsider Entered"
2034108,2025-05-29,House,5,"Motion to Reconsider Tabled"
2034108,2025-05-29,House,6,"Transmitted To Senate"
2034108,2025-05-29,Senate,7,"Referred To Appropriations"
2034108,2025-05-29,Senate,8,"Title Suff Do Pass"
2034108,2025-05-29,Senate,9,Passed
2034108,2025-05-29,Senate,10,"Returned For Enrolling"
2034108,2025-05-30,House,11,"Enrolled Bill Signed"
2034108,2025-05-30,Senate,12,"Enrolled Bill Signed"
2034108,2025-06-04,,13,"Approved by Governor"
2034109,2025-05-28,House,1,"Referred To Appropriations A"
2034109,2025-05-28,House,2,"Title Suff Do Pass"
2034109,2025-05-28,House,3,Passed
2034109,2025-05-28,House,4,"Motion to Reconsider Entered"
2034109,2025-05-29,House,5,"Motion to Reconsider Tabled"
2034109,2025-05-29,House,6,"Transmitted To Senate"
2034109,2025-05-29,Senate,7,"Referred To Appropriations"
2034109,2025-05-29,Senate,8,"Title Suff Do Pass"
2034109,2025-05-29,Senate,9,Passed
2034109,2025-05-29,Senate,10,"Returned For Enrolling"
2034109,2025-06-02,House,11,"Enrolled Bill Signed"
2034109,2025-06-02,Senate,12,"Enrolled Bill Signed"
2034109,2025-06-17,,13,"Approved by Governor"
2034110,2025-05-28,House,1,"Referred To Appropriations A"
2034110,2025-05-28,House,2,"Title Suff Do Pass"
2034110,2025-05-28,House,3,Passed
2034110,2025-05-28,House,4,"Motion to Reconsider Entered"
2034110,2025-05-29,House,5,"Motion to Reconsider Tabled"
2034110,2025-05-29,House,6,"Transmitted To Senate"
2034110,2025-05-29,Senate,7,"Referred To Appropriations"
2034110,2025-05-29,Senate,8,"Title Suff Do Pass"
2034110,2025-05-29,Senate,9,Passed
2034110,2025-05-29,Senate,10,"Returned For Enrolling"
2034110,2025-06-02,House,11,"Enrolled Bill Signed"
2034110,2025-06-02,Senate,12,"Enrolled Bill Signed"
2034110,2025-06-04,,13,"Approved by Governor"
2034111,2025-05-28,Senate,1,"Referred To Appropriations"
2034111,2025-05-28,Senate,2,"Title Suff Do Pass"
2034111,2025-05-28,Senate,3,Passed
2034111,2025-05-28,Senate,4,"Immediate Release"
2034111,2025-05-28,Senate,5,"Transmitted To House"
2034111,2025-05-28,House,6,"Referred To Appropriations A"
2034111,2025-05-28,House,7,"Title Suff Do Pass"
2034111,2025-05-28,House,8,Passed
2034111,2025-05-28,House,9,"Motion to Reconsider Entered"
2034111,2025-05-29,House,10,"Motion to Reconsider Tabled"
2034111,2025-05-29,House,11,"Returned For Enrolling"
2034111,2025-05-30,Senate,12,"Enrolled Bill Signed"
2034111,2025-05-30,House,13,"Enrolled Bill Signed"
2034111,2025-06-04,,14,"Approved by Governor"
2034112,2025-05-28,House,1,"Referred To Appropriations A"
2034112,2025-05-28,House,2,"Title Suff Do Pass"
2034112,2025-05-28,House,3,Passed
2034112,2025-05-28,House,4,"Motion to Reconsider Entered"
2034112,2025-05-29,House,5,"Motion to Reconsider Tabled"
2034112,2025-05-29,House,6,"Transmitted To Senate"
2034112,2025-05-29,Senate,7,"Referred To Appropriations"
2034112,2025-05-29,Senate,8,"Title Suff Do Pass"
2034112,2025-05-29,Senate,9,Passed
2034112,2025-05-29,Senate,10,"Returned For Enrolling"
2034112,2025-06-02,House,11,"Enrolled Bill Signed"
2034112,2025-06-02,Senate,12,"Enrolled Bill Signed"
2034112,2025-06-04,,13,"Approved by Governor"
2034113,2025-05-28,House,1,"Referred To Appropriations A"
2034113,2025-05-28,House,2,"Title Suff Do Pass"
2034113,2025-05-28,House,3,Passed
2034113,2025-05-28,House,4,"Motion to Reconsider Entered"
2034113,2025-05-29,House,5,"Motion to Reconsider Tabled"
2034113,2025-05-29,House,6,"Transmitted To Senate"
2034113,2025-05-29,Senate,7,"Referred To Appropriations"
2034113,2025-05-29,Senate,8,"Title Suff Do Pass"
2034113,2025-05-29,Senate,9,Passed
2034113,2025-05-29,Senate,10,"Returned For Enrolling"
2034113,2025-06-02,House,11,"Enrolled Bill Signed"
2034113,2025-06-02,Senate,12,"Enrolled Bill Signed"
2034113,2025-06-17,,13,"Approved by Governor"
2034114,2025-05-28,Senate,1,"Referred To Appropriations"
2034114,2025-05-28,Senate,2,"Title Suff Do Pass"
2034114,2025-05-28,Senate,3,Passed
2034114,2025-05-28,Senate,4,"Immediate Release"
2034114,2025-05-28,Senate,5,"Transmitted To House"
2034114,2025-05-28,House,6,"Referred To Appropriations A"
2034114,2025-05-28,House,7,"Title Suff Do Pass"
2034114,2025-05-28,House,8,Passed
2034114,2025-05-28,House,9,"Motion to Reconsider Entered"
2034114,2025-05-29,House,10,"Motion to Reconsider Tabled"
2034114,2025-05-29,House,11,"Returned For Enrolling"
2034114,2025-05-30,Senate,12,"Enrolled Bill Signed"
2034114,2025-05-30,House,13,"Enrolled Bill Signed"
2034114,2025-06-04,,14,"Approved by Governor"
2034115,2025-05-28,House,1,"Referred To Appropriations A"
2034115,2025-05-28,House,2,"Title Suff Do Pass"
2034115,2025-05-28,House,3,Passed
2034115,2025-05-28,House,4,"Motion to Reconsider Entered"
2034115,2025-05-29,House,5,"Motion to Reconsider Tabled"
2034115,2025-05-29,House,6,"Transmitted To Senate"
2034115,2025-05-29,Senate,7,"Referred To Appropriations"
2034115,2025-05-29,Senate,8,"Title Suff Do Pass"
2034115,2025-05-29,Senate,9,Passed
2034115,2025-05-29,Senate,10,"Returned For Enrolling"
2034115,2025-06-02,House,11,"Enrolled Bill Signed"
2034115,2025-06-02,Senate,12,"Enrolled Bill Signed"
2034115,2025-06-04,,13,"Approved by Governor"
2034116,2025-05-28,House,1,"Referred To Appropriations A"
2034116,2025-05-28,House,2,"Title Suff Do Pass"
2034116,2025-05-28,House,3,Passed
2034116,2025-05-28,House,4,"Immediate Release"
2034116,2025-05-28,House,5,"Transmitted To Senate"
2034116,2025-05-28,House,6,"Motion to Reconsider Entered"
2034116,2025-05-28,House,7,"Recalled From Senate"
2034116,2025-05-29,House,8,"Motion to Reconsider Tabled"
2034116,2025-05-29,House,9,"Transmitted To Senate"
2034116,2025-05-29,Senate,10,"Referred To Appropriations"
2034116,2025-05-29,Senate,11,"Title Suff Do Pass"
2034116,2025-05-29,Senate,12,Passed
2034116,2025-05-29,Senate,13,"Returned For Enrolling"
2034116,2025-06-02,House,14,"Enrolled Bill Signed"
2034116,2025-06-02,Senate,15,"Enrolled Bill Signed"
2034116,2025-06-04,,16,"Approved by Governor"
2034117,2025-05-28,Senate,1,"Referred To Appropriations"
2034117,2025-05-28,Senate,2,"Title Suff Do Pass"
2034117,2025-05-28,Senate,3,Passed
2034117,2025-05-28,Senate,4,"Immediate Release"
2034117,2025-05-28,Senate,5,"Transmitted To House"
2034117,2025-05-28,House,6,"Referred To Appropriations A"
2034117,2025-05-28,House,7,"Title Suff Do Pass"
2034117,2025-05-28,House,8,Passed
2034117,2025-05-28,House,9,"Motion to Reconsider Entered"
2034117,2025-05-29,House,10,"Motion to Reconsider Tabled"
2034117,2025-05-29,House,11,"Returned For Enrolling"
2034117,2025-06-02,Senate,12,"Enrolled Bill Signed"
2034117,2025-06-02,House,13,"Enrolled Bill Signed"
2034117,2025-06-17,,14,"Approved by Governor"
2034118,2025-05-28,Senate,1,"Referred To Appropriations"
2034118,2025-05-28,Senate,2,"Title Suff Do Pass"
2034118,2025-05-28,Senate,3,Passed
2034118,2025-05-28,Senate,4,"Immediate Release"
2034118,2025-05-28,Senate,5,"Transmitted To House"
2034118,2025-05-28,House,6,"Referred To Appropriations A"
2034118,2025-05-28,House,7,"Title Suff Do Pass"
2034118,2025-05-28,House,8,Passed
2034118,2025-05-28,House,9,"Motion to Reconsider Entered"
2034118,2025-05-29,House,10,"Motion to Reconsider Tabled"
2034118,2025-05-29,House,11,"Returned For Enrolling"
2034118,2025-05-30,Senate,12,"Enrolled Bill Signed"
2034118,2025-05-30,House,13,"Enrolled Bill Signed"
2034118,2025-06-04,,14,"Approved by Governor"
2034119,2025-05-28,House,1,"Referred To Appropriations A"
2034119,2025-05-28,House,2,"Title Suff Do Pass"
2034119,2025-05-28,House,3,Passed
2034119,2025-05-28,House,4,"Motion to Reconsider Entered"
2034119,2025-05-29,House,5,"Motion to Reconsider Tabled"
2034119,2025-05-29,House,6,"Transmitted To Senate"
2034119,2025-05-29,Senate,7,"Referred To Appropriations"
2034119,2025-05-29,Senate,8,"Title Suff Do Pass"
2034119,2025-05-29,Senate,9,Passed
2034119,2025-05-29,Senate,10,"Returned For Enrolling"
2034119,2025-05-30,House,11,"Enrolled Bill Signed"
2034119,2025-06-02,Senate,12,"Enrolled Bill Signed"
2034119,2025-06-04,,13,"Approved by Governor"
2034120,2025-05-28,House,1,"Referred To Appropriations A"
2034120,2025-05-28,House,2,"Title Suff Do Pass"
2034120,2025-05-28,House,3,Passed
2034120,2025-05-28,House,4,"Motion to Reconsider Entered"
2034120,2025-05-29,House,5,"Motion to Reconsider Tabled"
2034120,2025-05-29,House,6,"Transmitted To Senate"
2034120,2025-05-29,Senate,7,"Referred To Appropriations"
2034120,2025-05-29,Senate,8,"Title Suff Do Pass"
2034120,2025-05-29,Senate,9,Passed
2034120,2025-05-29,Senate,10,"Returned For Enrolling"
2034120,2025-05-30,House,11,"Enrolled Bill Signed"
2034120,2025-05-30,Senate,12,"Enrolled Bill Signed"
2034120,2025-06-17,,13,"Approved by Governor"
2034121,2025-05-28,Senate,1,"Referred To Appropriations"
2034121,2025-05-28,Senate,2,"Title Suff Do Pass"
2034121,2025-05-28,Senate,3,Passed
2034121,2025-05-28,Senate,4,"Immediate Release"
2034121,2025-05-28,Senate,5,"Transmitted To House"
2034121,2025-05-28,House,6,"Referred To Appropriations A"
2034121,2025-05-28,House,7,"Died In Committee"
2034122,2025-05-28,Senate,1,"Referred To Appropriations"
2034122,2025-05-28,Senate,2,"Title Suff Do Pass"
2034122,2025-05-28,Senate,3,Passed
2034122,2025-05-28,Senate,4,"Immediate Release"
2034122,2025-05-28,Senate,5,"Transmitted To House"
2034122,2025-05-28,House,6,"Referred To Appropriations A"
2034122,2025-05-28,House,7,"Title Suff Do Pass"
2034122,2025-05-29,House,8,Passed
2034122,2025-05-29,House,9,"Immediate Release"
2034122,2025-05-29,House,10,"Returned For Enrolling"
2034122,2025-05-30,Senate,11,"Enrolled Bill Signed"
2034122,2025-05-30,House,12,"Enrolled Bill Signed"
2034122,2025-06-04,,13,"Approved by Governor"
2034123,2025-05-28,Senate,1,"Referred To Appropriations"
2034123,2025-05-28,Senate,2,"Title Suff Do Pass"
2034123,2025-05-28,Senate,3,Passed
2034123,2025-05-28,Senate,4,"Immediate Release"
2034123,2025-05-28,Senate,5,"Transmitted To House"
2034123,2025-05-28,House,6,"Referred To Appropriations A"
2034123,2025-05-28,House,7,"Title Suff Do Pass"
2034123,2025-05-28,House,8,Passed
2034123,2025-05-28,House,9,"Motion to Reconsider Entered"
2034123,2025-05-29,House,10,"Motion to Reconsider Tabled"
2034123,2025-05-29,House,11,"Returned For Enrolling"
2034123,2025-06-02,Senate,12,"Enrolled Bill Signed"
2034123,2025-06-02,House,13,"Enrolled Bill Signed"
2034123,2025-06-04,,14,"Approved by Governor"
2034124,2025-05-28,Senate,1,"Referred To Appropriations"
2034124,2025-05-28,Senate,2,"Title Suff Do Pass"
2034124,2025-05-28,Senate,3,Passed
2034124,2025-05-28,Senate,4,"Immediate Release"
2034124,2025-05-28,Senate,5,"Transmitted To House"
2034124,2025-05-28,House,6,"Referred To Appropriations A"
2034124,2025-05-28,House,7,"Title Suff Do Pass"
2034124,2025-05-28,House,8,Passed
2034124,2025-05-28,House,9,"Motion to Reconsider Entered"
2034124,2025-05-29,House,10,"Motion to Reconsider Tabled"
2034124,2025-05-29,House,11,"Returned For Enrolling"
2034124,2025-05-30,Senate,12,"Enrolled Bill Signed"
2034124,2025-05-30,House,13,"Enrolled Bill Signed"
2034124,2025-06-17,,14,"Approved by Governor"
2034125,2025-05-28,Senate,1,"Referred To Appropriations"
2034125,2025-05-28,Senate,2,"Title Suff Do Pass"
2034125,2025-05-28,Senate,3,Passed
2034125,2025-05-28,Senate,4,"Immediate Release"
2034125,2025-05-28,Senate,5,"Transmitted To House"
2034125,2025-05-28,House,6,"Referred To Appropriations A"
2034125,2025-05-28,House,7,"Title Suff Do Pass"
2034125,2025-05-28,House,8,Passed
2034125,2025-05-28,House,9,"Motion to Reconsider Entered"
2034125,2025-05-29,House,10,"Motion to Reconsider Tabled"
2034125,2025-05-29,House,11,"Returned For Enrolling"
2034125,2025-06-02,Senate,12,"Enrolled Bill Signed"
2034125,2025-06-02,House,13,"Enrolled Bill Signed"
2034125,2025-06-04,,14,"Approved by Governor"
2034126,2025-05-28,Senate,1,"Referred To Appropriations"
2034126,2025-05-28,Senate,2,"Title Suff Do Pass"
2034126,2025-05-28,Senate,3,Passed
2034126,2025-05-28,Senate,4,"Immediate Release"
2034126,2025-05-28,Senate,5,"Transmitted To House"
2034126,2025-05-28,House,6,"Referred To Appropriations A"
2034126,2025-05-28,House,7,"Died In Committee"
2034127,2025-05-28,Senate,1,"Referred To Appropriations"
2034127,2025-05-28,Senate,2,"Title Suff Do Pass"
2034127,2025-05-28,Senate,3,Passed
2034127,2025-05-28,Senate,4,"Immediate Release"
2034127,2025-05-28,Senate,5,"Transmitted To House"
2034127,2025-05-28,House,6,"Referred To Appropriations A"
2034127,2025-05-28,House,7,"Title Suff Do Pass"
2034127,2025-05-28,House,8,Passed
2034127,2025-05-28,House,9,"Motion to Reconsider Entered"
2034127,2025-05-29,House,10,"Motion to Reconsider Tabled"
2034127,2025-05-29,House,11,"Returned For Enrolling"
2034127,2025-05-30,Senate,12,"Enrolled Bill Signed"
2034127,2025-05-30,House,13,"Enrolled Bill Signed"
2034127,2025-06-17,,14,"Approved by Governor"
2034128,2025-05-28,Senate,1,"Referred To Appropriations"
2034128,2025-05-28,Senate,2,"Title Suff Do Pass"
2034128,2025-05-28,Senate,3,Passed
2034128,2025-05-28,Senate,4,"Immediate Release"
2034128,2025-05-28,Senate,5,"Transmitted To House"
2034128,2025-05-28,House,6,"Referred To Appropriations A"
2034128,2025-05-28,House,7,"Title Suff Do Pass"
2034128,2025-05-28,House,8,Passed
2034128,2025-05-28,House,9,"Motion to Reconsider Entered"
2034128,2025-05-29,House,10,"Motion to Reconsider Tabled"
2034128,2025-05-29,House,11,"Returned For Enrolling"
2034128,2025-06-02,Senate,12,"Enrolled Bill Signed"
2034128,2025-06-02,House,13,"Enrolled Bill Signed"
2034128,2025-06-04,,14,"Approved by Governor"
2034129,2025-05-28,House,1,"Referred To Rules"
2034129,2025-05-28,House,2,"Title Suff Do Be Adopted"
2034129,2025-05-28,House,3,Adopted
2034129,2025-05-28,House,4,"Immediate Release"
2034129,2025-05-28,House,5,"Enrolled Bill Signed"
2034130,2025-05-28,Senate,1,"Referred To Appropriations"
2034130,2025-05-28,Senate,2,"Title Suff Do Pass"
2034130,2025-05-28,Senate,3,Passed
2034130,2025-05-28,Senate,4,"Immediate Release"
2034130,2025-05-28,Senate,5,"Transmitted To House"
2034130,2025-05-28,House,6,"Referred To Appropriations A"
2034130,2025-05-28,House,7,"Title Suff Do Pass"
2034130,2025-05-28,House,8,Passed
2034130,2025-05-28,House,9,"Motion to Reconsider Entered"
2034130,2025-05-29,House,10,"Motion to Reconsider Tabled"
2034130,2025-05-29,House,11,"Returned For Enrolling"
2034130,2025-06-02,Senate,12,"Enrolled Bill Signed"
2034130,2025-06-02,House,13,"Enrolled Bill Signed"
2034130,2025-06-04,,14,"Approved by Governor"
2034132,2025-05-28,Senate,1,"Referred To Appropriations"
2034132,2025-05-28,Senate,2,"Title Suff Do Pass"
2034132,2025-05-28,Senate,3,Passed
2034132,2025-05-28,Senate,4,"Immediate Release"
2034132,2025-05-28,Senate,5,"Transmitted To House"
2034132,2025-05-28,House,6,"Referred To Appropriations A"
2034132,2025-05-28,House,7,"Title Suff Do Pass"
2034132,2025-05-28,House,8,Passed
2034132,2025-05-28,House,9,"Motion to Reconsider Entered"
2034132,2025-05-29,House,10,"Motion to Reconsider Tabled"
2034132,2025-05-29,House,11,"Returned For Enrolling"
2034132,2025-06-02,Senate,12,"Enrolled Bill Signed"
2034132,2025-06-02,House,13,"Enrolled Bill Signed"
2034132,2025-06-04,,14,"Approved by Governor"
2034133,2025-05-28,House,1,"Referred To Appropriations A"
2034133,2025-05-28,House,2,"Title Suff Do Pass"
2034133,2025-05-28,House,3,Passed
2034133,2025-05-28,House,4,"Motion to Reconsider Entered"
2034133,2025-05-29,House,5,"Motion to Reconsider Tabled"
2034133,2025-05-29,House,6,"Transmitted To Senate"
2034133,2025-05-29,Senate,7,"Referred To Appropriations"
2034133,2025-05-29,Senate,8,"Title Suff Do Pass"
2034133,2025-05-29,Senate,9,Passed
2034133,2025-05-29,Senate,10,"Returned For Enrolling"
2034133,2025-06-02,House,11,"Enrolled Bill Signed"
2034133,2025-06-02,Senate,12,"Enrolled Bill Signed"
2034133,2025-06-04,,13,"Approved by Governor"
2034134,2025-05-28,Senate,1,"Referred To Appropriations"
2034134,2025-05-28,Senate,2,"Title Suff Do Pass"
2034134,2025-05-28,Senate,3,Passed
2034134,2025-05-28,Senate,4,"Immediate Release"
2034134,2025-05-28,Senate,5,"Transmitted To House"
2034134,2025-05-28,House,6,"Referred To Appropriations A"
2034134,2025-05-28,House,7,"Title Suff Do Pass"
2034134,2025-05-28,House,8,Passed
2034134,2025-05-28,House,9,"Motion to Reconsider Entered"
2034134,2025-05-29,House,10,"Motion to Reconsider Tabled"
2034134,2025-05-29,House,11,"Returned For Enrolling"
2034134,2025-06-02,Senate,12,"Enrolled Bill Signed"
2034134,2025-06-02,House,13,"Enrolled Bill Signed"
2034134,2025-06-17,,14,"Approved by Governor"
2034135,2025-05-28,Senate,1,"Referred To Appropriations"
2034135,2025-05-28,Senate,2,"Title Suff Do Pass"
2034135,2025-05-28,Senate,3,Passed
2034135,2025-05-28,Senate,4,"Immediate Release"
2034135,2025-05-28,Senate,5,"Transmitted To House"
2034135,2025-05-28,House,6,"Referred To Appropriations A"
2034135,2025-05-28,House,7,"Title Suff Do Pass"
2034135,2025-05-29,House,8,Passed
2034135,2025-05-29,House,9,"Immediate Release"
2034135,2025-05-29,House,10,"Returned For Enrolling"
2034135,2025-05-30,Senate,11,"Enrolled Bill Signed"
2034135,2025-05-30,House,12,"Enrolled Bill Signed"
2034135,2025-06-04,,13,"Approved by Governor"
2034136,2025-05-28,Senate,1,"Referred To Appropriations"
2034136,2025-05-28,Senate,2,"Title Suff Do Pass"
2034136,2025-05-28,Senate,3,Passed
2034136,2025-05-28,Senate,4,"Immediate Release"
2034136,2025-05-28,Senate,5,"Transmitted To House"
2034136,2025-05-28,House,6,"Referred To Appropriations A"
2034136,2025-05-28,House,7,"Title Suff Do Pass"
2034136,2025-05-28,House,8,Passed
2034136,2025-05-28,House,9,"Motion to Reconsider Entered"
2034136,2025-05-29,House,10,"Motion to Reconsider Tabled"
2034136,2025-05-29,House,11,"Returned For Enrolling"
2034136,2025-05-30,Senate,12,"Enrolled Bill Signed"
2034136,2025-05-30,House,13,"Enrolled Bill Signed"
2034136,2025-06-17,,14,"Approved by Governor"
2034137,2025-05-28,Senate,1,"Referred To Appropriations"
2034137,2025-05-28,Senate,2,"Title Suff Do Pass"
2034137,2025-05-28,Senate,3,Passed
2034137,2025-05-28,Senate,4,"Immediate Release"
2034137,2025-05-28,Senate,5,"Transmitted To House"
2034137,2025-05-28,House,6,"Referred To Appropriations A"
2034137,2025-05-28,House,7,"Title Suff Do Pass As Amended"
2034137,2025-05-28,House,8,Amended
2034137,2025-05-28,House,9,"Passed As Amended"
2034137,2025-05-28,House,10,"Motion to Reconsider Entered"
2034137,2025-05-29,House,11,"Motion to Reconsider Tabled"
2034137,2025-05-29,House,12,"Returned For Concurrence"
2034137,2025-05-29,Senate,13,"Concurred in Amend From House"
2034137,2025-05-30,Senate,14,"Enrolled Bill Signed"
2034137,2025-05-30,House,15,"Enrolled Bill Signed"
2034137,2025-06-17,,16,"Approved by Governor"
2034138,2025-05-28,House,1,"Referred To Appropriations A"
2034138,2025-05-28,House,2,"Title Suff Do Pass"
2034138,2025-05-28,House,3,Passed
2034138,2025-05-28,House,4,"Motion to Reconsider Entered"
2034138,2025-05-29,House,5,"Motion to Reconsider Tabled"
2034138,2025-05-29,House,6,"Transmitted To Senate"
2034138,2025-05-29,Senate,7,"Referred To Appropriations"
2034138,2025-05-29,Senate,8,"Title Suff Do Pass"
2034138,2025-05-29,Senate,9,Passed
2034138,2025-05-29,Senate,10,"Returned For Enrolling"
2034138,2025-05-30,House,11,"Enrolled Bill Signed"
2034138,2025-05-30,Senate,12,"Enrolled Bill Signed"
2034138,2025-06-17,,13,"Approved by Governor"
2034139,2025-05-28,Senate,1,"Referred To Appropriations"
2034139,2025-05-28,Senate,2,"Title Suff Do Pass"
2034139,2025-05-28,Senate,3,Passed
2034139,2025-05-28,Senate,4,"Immediate Release"
2034139,2025-05-28,Senate,5,"Transmitted To House"
2034139,2025-05-28,House,6,"Referred To Appropriations A"
2034139,2025-05-28,House,7,"Title Suff Do Pass"
2034139,2025-05-28,House,8,Passed
2034139,2025-05-28,House,9,"Motion to Reconsider Entered"
2034139,2025-05-29,House,10,"Motion to Reconsider Tabled"
2034139,2025-05-29,House,11,"Returned For Enrolling"
2034139,2025-05-30,Senate,12,"Enrolled Bill Signed"
2034139,2025-05-30,House,13,"Enrolled Bill Signed"
2034139,2025-06-04,,14,"Approved by Governor"
2034140,2025-05-28,House,1,"Referred To Appropriations A"
2034140,2025-05-28,House,2,"Title Suff Do Pass"
2034140,2025-05-28,House,3,Passed
2034140,2025-05-28,House,4,"Motion to Reconsider Entered"
2034140,2025-05-29,House,5,"Motion to Reconsider Tabled"
2034140,2025-05-29,House,6,"Transmitted To Senate"
2034140,2025-05-29,Senate,7,"Referred To Appropriations"
2034140,2025-05-29,Senate,8,"Title Suff Do Pass"
2034140,2025-05-29,Senate,9,Passed
2034140,2025-05-29,Senate,10,"Returned For Enrolling"
2034140,2025-06-02,House,11,"Enrolled Bill Signed"
2034140,2025-06-02,Senate,12,"Enrolled Bill Signed"
2034140,2025-06-17,,13,"Approved by Governor"
2034141,2025-05-28,Senate,1,"Referred To Appropriations"
2034141,2025-05-28,Senate,2,"Title Suff Do Pass"
2034141,2025-05-28,Senate,3,Passed
2034141,2025-05-28,Senate,4,"Immediate Release"
2034141,2025-05-28,Senate,5,"Transmitted To House"
2034141,2025-05-28,House,6,"Referred To Appropriations A"
2034141,2025-05-28,House,7,"Title Suff Do Pass"
2034141,2025-05-28,House,8,Passed
2034141,2025-05-29,House,9,"Immediate Release"
2034141,2025-05-29,House,10,"Returned For Enrolling"
2034141,2025-06-02,Senate,11,"Enrolled Bill Signed"
2034141,2025-06-02,House,12,"Enrolled Bill Signed"
2034141,2025-06-17,,13,"Approved by Governor"
2034142,2025-05-28,House,1,"Referred To Appropriations A"
2034142,2025-05-28,House,2,"Title Suff Do Pass"
2034142,2025-05-28,House,3,Passed
2034142,2025-05-28,House,4,"Motion to Reconsider Entered"
2034142,2025-05-29,House,5,"Motion to Reconsider Tabled"
2034142,2025-05-29,House,6,"Transmitted To Senate"
2034142,2025-05-29,Senate,7,"Referred To Appropriations"
2034142,2025-05-29,Senate,8,"Title Suff Do Pass"
2034142,2025-05-29,Senate,9,Passed
2034142,2025-05-29,Senate,10,"Returned For Enrolling"
2034142,2025-05-30,House,11,"Enrolled Bill Signed"
2034142,2025-06-02,Senate,12,"Enrolled Bill Signed"
2034142,2025-06-04,,13,"Approved by Governor"
2034143,2025-05-28,Senate,1,"Referred To Appropriations"
2034143,2025-05-28,Senate,2,"Title Suff Do Pass"
2034143,2025-05-28,Senate,3,Passed
2034143,2025-05-28,Senate,4,"Immediate Release"
2034143,2025-05-28,Senate,5,"Transmitted To House"
2034143,2025-05-28,House,6,"Referred To Appropriations A"
2034143,2025-05-28,House,7,"Title Suff Do Pass"
2034143,2025-05-28,House,8,Failed
2034144,2025-05-28,Senate,1,"Referred To Appropriations"
2034144,2025-05-28,Senate,2,"Title Suff Do Pass"
2034144,2025-05-28,Senate,3,Passed
2034144,2025-05-28,Senate,4,"Immediate Release"
2034144,2025-05-28,Senate,5,"Transmitted To House"
2034144,2025-05-28,House,6,"Referred To Appropriations A"
2034144,2025-05-28,House,7,"Title Suff Do Pass"
2034144,2025-05-28,House,8,Passed
2034144,2025-05-29,House,9,"Immediate Release"
2034144,2025-05-29,House,10,"Returned For Enrolling"
2034144,2025-05-30,Senate,11,"Enrolled Bill Signed"
2034144,2025-05-30,House,12,"Enrolled Bill Signed"
2034144,2025-06-04,,13,"Approved by Governor"
2034145,2025-05-28,House,1,"Referred To Rules"
2034145,2025-05-28,House,2,"Title Suff Do Be Adopted"
2034145,2025-05-28,House,3,Adopted
2034145,2025-05-28,House,4,"Immediate Release"
2034145,2025-05-28,House,5,"Enrolled Bill Signed"
2034146,2025-05-28,House,1,"Referred To Appropriations A"
2034146,2025-05-28,House,2,"Title Suff Do Pass"
2034146,2025-05-28,House,3,Passed
2034146,2025-05-28,House,4,"Motion to Reconsider Entered"
2034146,2025-05-29,House,5,"Motion to Reconsider Tabled"
2034146,2025-05-29,House,6,"Transmitted To Senate"
2034146,2025-05-29,Senate,7,"Referred To Appropriations"
2034146,2025-05-29,Senate,8,"Title Suff Do Pass"
2034146,2025-05-29,Senate,9,Passed
2034146,2025-05-29,Senate,10,"Returned For Enrolling"
2034146,2025-05-30,House,11,"Enrolled Bill Signed"
2034146,2025-06-02,Senate,12,"Enrolled Bill Signed"
2034146,2025-06-04,,13,"Approved by Governor"
2034147,2025-05-28,House,1,"Referred To Appropriations A"
2034147,2025-05-28,House,2,"Title Suff Do Pass"
2034147,2025-05-28,House,3,Passed
2034147,2025-05-28,House,4,"Motion to Reconsider Entered"
2034147,2025-05-29,House,5,"Motion to Reconsider Tabled"
2034147,2025-05-29,House,6,"Transmitted To Senate"
2034147,2025-05-29,Senate,7,"Referred To Appropriations"
2034147,2025-05-29,Senate,8,"Title Suff Do Pass"
2034147,2025-05-29,Senate,9,Passed
2034147,2025-05-29,Senate,10,"Returned For Enrolling"
2034147,2025-05-30,House,11,"Enrolled Bill Signed"
2034147,2025-05-30,Senate,12,"Enrolled Bill Signed"
2034147,2025-06-17,,13,"Approved by Governor"
2034148,2025-05-28,Senate,1,"Referred To Appropriations"
2034148,2025-05-28,Senate,2,"Title Suff Do Pass"
2034148,2025-05-28,Senate,3,Passed
2034148,2025-05-28,Senate,4,"Immediate Release"
2034148,2025-05-28,Senate,5,"Transmitted To House"
2034148,2025-05-28,House,6,"Referred To Appropriations A"
2034148,2025-05-28,House,7,"Title Suff Do Pass"
2034148,2025-05-29,House,8,Passed
2034148,2025-05-29,House,9,"Immediate Release"
2034148,2025-05-29,House,10,"Returned For Enrolling"
2034148,2025-05-30,Senate,11,"Enrolled Bill Signed"
2034148,2025-05-30,House,12,"Enrolled Bill Signed"
2034148,2025-06-04,,13,"Approved by Governor"
2034149,2025-05-28,House,1,"Referred To Appropriations A"
2034149,2025-05-28,House,2,"Title Suff Do Pass"
2034149,2025-05-28,House,3,Passed
2034149,2025-05-28,House,4,"Motion to Reconsider Entered"
2034149,2025-05-29,House,5,"Motion to Reconsider Tabled"
2034149,2025-05-29,House,6,"Transmitted To Senate"
2034149,2025-05-29,Senate,7,"Referred To Appropriations"
2034149,2025-05-29,Senate,8,"Title Suff Do Pass"
2034149,2025-05-29,Senate,9,Passed
2034149,2025-05-29,Senate,10,"Returned For Enrolling"
2034149,2025-05-30,House,11,"Enrolled Bill Signed"
2034149,2025-06-02,Senate,12,"Enrolled Bill Signed"
2034149,2025-06-17,,13,"Approved by Governor"
2034150,2025-05-28,House,1,"Referred To Appropriations A"
2034150,2025-05-28,House,2,"Title Suff Do Pass"
2034150,2025-05-28,House,3,Passed
2034150,2025-05-28,House,4,"Motion to Reconsider Entered"
2034150,2025-05-29,House,5,"Motion to Reconsider Tabled"
2034150,2025-05-29,House,6,"Transmitted To Senate"
2034150,2025-05-29,Senate,7,"Referred To Appropriations"
2034150,2025-05-29,Senate,8,"Title Suff Do Pass"
2034150,2025-05-29,Senate,9,Passed
2034150,2025-05-29,Senate,10,"Returned For Enrolling"
2034150,2025-06-02,House,11,"Enrolled Bill Signed"
2034150,2025-06-02,Senate,12,"Enrolled Bill Signed"
2034150,2025-06-17,,13,"Approved by Governor"
2034151,2025-05-28,House,1,"Referred To Appropriations A"
2034151,2025-05-28,House,2,"Title Suff Do Pass"
2034151,2025-05-28,House,3,Passed
2034151,2025-05-28,House,4,"Motion to Reconsider Entered"
2034151,2025-05-29,House,5,"Motion to Reconsider Tabled"
2034151,2025-05-29,House,6,"Transmitted To Senate"
2034151,2025-05-29,Senate,7,"Referred To Appropriations"
2034151,2025-05-29,Senate,8,"Title Suff Do Pass"
2034151,2025-05-29,Senate,9,Passed
2034151,2025-05-29,Senate,10,"Returned For Enrolling"
2034151,2025-06-02,House,11,"Enrolled Bill Signed"
2034151,2025-06-02,Senate,12,"Enrolled Bill Signed"
2034151,2025-06-04,,13,"Approved by Governor"
2034152,2025-05-28,House,1,"Referred To Appropriations A"
2034152,2025-05-28,House,2,"Title Suff Do Pass"
2034152,2025-05-28,House,3,Passed
2034152,2025-05-28,House,4,"Motion to Reconsider Entered"
2034152,2025-05-29,House,5,"Motion to Reconsider Tabled"
2034152,2025-05-29,House,6,"Transmitted To Senate"
2034152,2025-05-29,Senate,7,"Referred To Appropriations"
2034152,2025-05-29,Senate,8,"Title Suff Do Pass"
2034152,2025-05-29,Senate,9,Passed
2034152,2025-05-29,Senate,10,"Returned For Enrolling"
2034152,2025-05-30,House,11,"Enrolled Bill Signed"
2034152,2025-06-02,Senate,12,"Enrolled Bill Signed"
2034152,2025-06-17,,13,"Approved by Governor"
2034153,2025-05-28,Senate,1,"Referred To Appropriations"
2034153,2025-05-28,Senate,2,"Title Suff Do Pass"
2034153,2025-05-28,Senate,3,Passed
2034153,2025-05-28,Senate,4,"Immediate Release"
2034153,2025-05-28,Senate,5,"Transmitted To House"
2034153,2025-05-28,House,6,"Referred To Appropriations A"
2034153,2025-05-28,House,7,"Title Suff Do Pass"
2034153,2025-05-28,House,8,Passed
2034153,2025-05-28,House,9,"Motion to Reconsider Entered"
2034153,2025-05-29,House,10,"Motion to Reconsider Tabled"
2034153,2025-05-29,House,11,"Returned For Enrolling"
2034153,2025-06-02,Senate,12,"Enrolled Bill Signed"
2034153,2025-06-02,House,13,"Enrolled Bill Signed"
2034153,2025-06-04,,14,"Approved by Governor"
2034154,2025-05-28,Senate,1,"Referred To Appropriations"
2034154,2025-05-28,Senate,2,"Title Suff Do Pass"
2034154,2025-05-28,Senate,3,Passed
2034154,2025-05-28,Senate,4,"Immediate Release"
2034154,2025-05-28,Senate,5,"Transmitted To House"
2034154,2025-05-28,House,6,"Referred To Appropriations A"
2034154,2025-05-28,House,7,"Title Suff Do Pass"
2034154,2025-05-28,House,8,Passed
2034154,2025-05-28,House,9,"Motion to Reconsider Entered"
2034154,2025-05-29,House,10,"Motion to Reconsider Tabled"
2034154,2025-05-29,House,11,"Returned For Enrolling"
2034154,2025-05-30,Senate,12,"Enrolled Bill Signed"
2034154,2025-05-30,House,13,"Enrolled Bill Signed"
2034154,2025-06-17,,14,"Approved by Governor"
2034155,2025-05-28,House,1,"Referred To Appropriations A"
2034155,2025-05-28,House,2,"Title Suff Do Pass"
2034155,2025-05-28,House,3,Passed
2034155,2025-05-28,House,4,"Motion to Reconsider Entered"
2034155,2025-05-29,House,5,"Motion to Reconsider Tabled"
2034155,2025-05-29,House,6,"Transmitted To Senate"
2034155,2025-05-29,Senate,7,"Referred To Appropriations"
2034155,2025-05-29,Senate,8,"Title Suff Do Pass"
2034155,2025-05-29,Senate,9,Passed
2034155,2025-05-29,Senate,10,"Returned For Enrolling"
2034155,2025-06-02,House,11,"Enrolled Bill Signed"
2034155,2025-06-02,Senate,12,"Enrolled Bill Signed"
2034155,2025-06-04,,13,"Approved by Governor"
2034156,2025-05-28,House,1,"Referred To Appropriations A"
2034156,2025-05-28,House,2,"Title Suff Do Pass"
2034156,2025-05-28,House,3,Passed
2034156,2025-05-28,House,4,"Motion to Reconsider Entered"
2034156,2025-05-29,House,5,"Motion to Reconsider Tabled"
2034156,2025-05-29,House,6,"Transmitted To Senate"
2034156,2025-05-29,Senate,7,"Referred To Appropriations"
2034156,2025-05-29,Senate,8,"Title Suff Do Pass"
2034156,2025-05-29,Senate,9,Passed
2034156,2025-05-29,Senate,10,"Returned For Enrolling"
2034156,2025-06-02,House,11,"Enrolled Bill Signed"
2034156,2025-06-02,Senate,12,"Enrolled Bill Signed"
2034156,2025-06-04,,13,"Approved by Governor"
2034157,2025-05-28,House,1,"Referred To Appropriations A"
2034157,2025-05-28,House,2,"Title Suff Do Pass"
2034157,2025-05-28,House,3,Passed
2034157,2025-05-28,House,4,"Motion to Reconsider Entered"
2034157,2025-05-29,House,5,"Motion to Reconsider Tabled"
2034157,2025-05-29,House,6,"Transmitted To Senate"
2034157,2025-05-29,Senate,7,"Referred To Appropriations"
2034157,2025-05-29,Senate,8,"Title Suff Do Pass"
2034157,2025-05-29,Senate,9,Passed
2034157,2025-05-29,Senate,10,"Returned For Enrolling"
2034157,2025-05-30,House,11,"Enrolled Bill Signed"
2034157,2025-05-30,Senate,12,"Enrolled Bill Signed"
2034157,2025-06-04,,13,"Approved by Governor"
2034158,2025-05-28,House,1,"Referred To Appropriations A"
2034158,2025-05-28,House,2,"Title Suff Do Pass"
2034158,2025-05-28,House,3,Passed
2034158,2025-05-28,House,4,"Motion to Reconsider Entered"
2034158,2025-05-29,House,5,"Motion to Reconsider Tabled"
2034158,2025-05-29,House,6,"Transmitted To Senate"
2034158,2025-05-29,Senate,7,"Referred To Appropriations"
2034158,2025-05-29,Senate,8,"Title Suff Do Pass"
2034158,2025-05-29,Senate,9,Passed
2034158,2025-05-29,Senate,10,"Returned For Enrolling"
2034158,2025-06-02,House,11,"Enrolled Bill Signed"
2034158,2025-06-02,Senate,12,"Enrolled Bill Signed"
2034158,2025-06-17,,13,"Approved by Governor"
2034159,2025-05-28,Senate,1,"Referred To Appropriations"
2034159,2025-05-28,Senate,2,"Title Suff Do Pass"
2034159,2025-05-28,Senate,3,Passed
2034159,2025-05-28,Senate,4,"Immediate Release"
2034159,2025-05-28,Senate,5,"Transmitted To House"
2034159,2025-05-28,House,6,"Referred To Appropriations A"
2034159,2025-05-28,House,7,"Title Suff Do Pass"
2034159,2025-05-29,House,8,Passed
2034159,2025-05-29,House,9,"Immediate Release"
2034159,2025-05-29,House,10,"Returned For Enrolling"
2034159,2025-05-30,Senate,11,"Enrolled Bill Signed"
2034159,2025-05-30,House,12,"Enrolled Bill Signed"
2034159,2025-06-04,,13,"Approved by Governor"
2034160,2025-05-28,Senate,1,"Referred To Appropriations"
2034160,2025-05-28,Senate,2,"Title Suff Do Pass"
2034160,2025-05-28,Senate,3,Passed
2034160,2025-05-28,Senate,4,"Immediate Release"
2034160,2025-05-28,Senate,5,"Transmitted To House"
2034160,2025-05-28,House,6,"Referred To Appropriations A"
2034160,2025-05-28,House,7,"Title Suff Do Pass"
2034160,2025-05-28,House,8,Passed
2034160,2025-05-28,House,9,"Motion to Reconsider Entered"
2034160,2025-05-29,House,10,"Motion to Reconsider Tabled"
2034160,2025-05-29,House,11,"Returned For Enrolling"
2034160,2025-06-02,Senate,12,"Enrolled Bill Signed"
2034160,2025-06-02,House,13,"Enrolled Bill Signed"
2034160,2025-06-04,,14,"Approved by Governor"
2034161,2025-05-28,Senate,1,"Referred To Appropriations"
2034161,2025-05-28,Senate,2,"Title Suff Do Pass"
2034161,2025-05-28,Senate,3,Passed
2034161,2025-05-28,Senate,4,"Immediate Release"
2034161,2025-05-28,Senate,5,"Transmitted To House"
2034161,2025-05-28,House,6,"Referred To Appropriations A"
2034161,2025-05-28,House,7,"Title Suff Do Pass"
2034161,2025-05-28,House,8,Passed
2034161,2025-05-29,House,9,"Immediate Release"
2034161,2025-05-29,House,10,"Returned For Enrolling"
2034161,2025-06-02,Senate,11,"Enrolled Bill Signed"
2034161,2025-06-02,House,12,"Enrolled Bill Signed"
2034161,2025-06-04,,13,"Approved by Governor"
2034162,2025-05-28,House,1,"Referred To Appropriations A"
2034162,2025-05-28,House,2,"Title Suff Do Pass"
2034162,2025-05-28,House,3,Passed
2034162,2025-05-28,House,4,"Motion to Reconsider Entered"
2034162,2025-05-29,House,5,"Motion to Reconsider Tabled"
2034162,2025-05-29,House,6,"Transmitted To Senate"
2034162,2025-05-29,Senate,7,"Referred To Appropriations"
2034162,2025-05-29,Senate,8,"Title Suff Do Pass"
2034162,2025-05-29,Senate,9,Passed
2034162,2025-05-29,Senate,10,"Returned For Enrolling"
2034162,2025-05-30,House,11,"Enrolled Bill Signed"
2034162,2025-05-30,Senate,12,"Enrolled Bill Signed"
2034162,2025-06-04,,13,"Approved by Governor"
2034163,2025-05-28,Senate,1,"Referred To Appropriations"
2034163,2025-05-28,Senate,2,"Title Suff Do Pass"
2034163,2025-05-28,Senate,3,Passed
2034163,2025-05-28,Senate,4,"Immediate Release"
2034163,2025-05-28,Senate,5,"Transmitted To House"
2034163,2025-05-28,House,6,"Referred To Appropriations A"
2034163,2025-05-28,House,7,"Title Suff Do Pass"
2034163,2025-05-28,House,8,Passed
2034163,2025-05-28,House,9,"Motion to Reconsider Entered"
2034163,2025-05-29,House,10,"Motion to Reconsider Tabled"
2034163,2025-05-29,House,11,"Returned For Enrolling"
2034163,2025-05-30,Senate,12,"Enrolled Bill Signed"
2034163,2025-05-30,House,13,"Enrolled Bill Signed"
2034163,2025-06-04,,14,"Approved by Governor"
2034164,2025-05-28,House,1,"Referred To Appropriations A"
2034164,2025-05-28,House,2,"Title Suff Do Pass"
2034164,2025-05-28,House,3,Passed
2034164,2025-05-28,House,4,"Motion to Reconsider Entered"
2034164,2025-05-29,House,5,"Motion to Reconsider Tabled"
2034164,2025-05-29,House,6,"Transmitted To Senate"
2034164,2025-05-29,Senate,7,"Referred To Appropriations"
2034164,2025-05-29,Senate,8,"Title Suff Do Pass"
2034164,2025-05-29,Senate,9,Passed
2034164,2025-05-29,Senate,10,"Returned For Enrolling"
2034164,2025-06-02,House,11,"Enrolled Bill Signed"
2034164,2025-06-02,Senate,12,"Enrolled Bill Signed"
2034164,2025-06-17,,13,"Approved by Governor"
2034165,2025-05-28,House,1,"Referred To Appropriations A"
2034165,2025-05-28,House,2,"Title Suff Do Pass"
2034165,2025-05-28,House,3,Passed
2034165,2025-05-28,House,4,"Motion to Reconsider Entered"
2034165,2025-05-29,House,5,"Motion to Reconsider Tabled"
2034165,2025-05-29,House,6,"Transmitted To Senate"
2034165,2025-05-29,Senate,7,"Referred To Appropriations"
2034165,2025-05-29,Senate,8,"Title Suff Do Pass"
2034165,2025-05-29,Senate,9,Passed
2034165,2025-05-29,Senate,10,"Returned For Enrolling"
2034165,2025-06-02,House,11,"Enrolled Bill Signed"
2034165,2025-06-02,Senate,12,"Enrolled Bill Signed"
2034165,2025-06-04,,13,"Approved by Governor"
2034166,2025-05-28,House,1,"Referred To Appropriations A"
2034166,2025-05-28,House,2,"Title Suff Do Pass"
2034166,2025-05-28,House,3,Passed
2034166,2025-05-28,House,4,"Motion to Reconsider Entered"
2034166,2025-05-29,House,5,"Motion to Reconsider Tabled"
2034166,2025-05-29,House,6,"Transmitted To Senate"
2034166,2025-05-29,Senate,7,"Referred To Appropriations"
2034166,2025-05-29,Senate,8,"Title Suff Do Pass"
2034166,2025-05-29,Senate,9,Passed
2034166,2025-05-29,Senate,10,"Returned For Enrolling"
2034166,2025-06-02,House,11,"Enrolled Bill Signed"
2034166,2025-06-02,Senate,12,"Enrolled Bill Signed"
2034166,2025-06-04,,13,"Approved by Governor"
2034168,2025-05-28,Senate,1,"Referred To Appropriations"
2034168,2025-05-28,Senate,2,"Title Suff Do Pass"
2034168,2025-05-28,Senate,3,Passed
2034168,2025-05-28,Senate,4,"Immediate Release"
2034168,2025-05-28,Senate,5,"Transmitted To House"
2034168,2025-05-28,House,6,"Referred To Appropriations A"
2034168,2025-05-28,House,7,"Title Suff Do Pass"
2034168,2025-05-28,House,8,Passed
2034168,2025-05-28,House,9,"Motion to Reconsider Entered"
2034168,2025-05-29,House,10,"Motion to Reconsider Tabled"
2034168,2025-05-29,House,11,"Returned For Enrolling"
2034168,2025-06-02,Senate,12,"Enrolled Bill Signed"
2034168,2025-06-02,House,13,"Enrolled Bill Signed"
2034168,2025-06-04,,14,"Approved by Governor"
2034169,2025-05-28,Senate,1,"Referred To Appropriations"
2034169,2025-05-28,Senate,2,"Title Suff Do Pass"
2034169,2025-05-28,Senate,3,Passed
2034169,2025-05-28,Senate,4,"Immediate Release"
2034169,2025-05-28,Senate,5,"Transmitted To House"
2034169,2025-05-28,House,6,"Referred To Appropriations A"
2034169,2025-05-28,House,7,"Title Suff Do Pass"
2034169,2025-05-28,House,8,Passed
2034169,2025-05-28,House,9,"Motion to Reconsider Entered"
2034169,2025-05-29,House,10,"Motion to Reconsider Tabled"
2034169,2025-05-29,House,11,"Returned For Enrolling"
2034169,2025-05-30,Senate,12,"Enrolled Bill Signed"
2034169,2025-05-30,House,13,"Enrolled Bill Signed"
2034169,2025-06-04,,14,"Approved by Governor"
2034170,2025-05-28,House,1,"Referred To Appropriations A"
2034170,2025-05-28,House,2,"Title Suff Do Pass"
2034170,2025-05-28,House,3,Passed
2034170,2025-05-28,House,4,"Motion to Reconsider Entered"
2034170,2025-05-29,House,5,"Motion to Reconsider Tabled"
2034170,2025-05-29,House,6,"Transmitted To Senate"
2034170,2025-05-29,Senate,7,"Referred To Appropriations"
2034170,2025-05-29,Senate,8,"Title Suff Do Pass"
2034170,2025-05-29,Senate,9,Passed
2034170,2025-05-29,Senate,10,"Returned For Enrolling"
2034170,2025-05-30,House,11,"Enrolled Bill Signed"
2034170,2025-05-30,Senate,12,"Enrolled Bill Signed"
2034170,2025-06-04,,13,"Approved by Governor"
2034171,2025-05-28,Senate,1,"Referred To Appropriations"
2034171,2025-05-28,Senate,2,"Title Suff Do Pass"
2034171,2025-05-28,Senate,3,Passed
2034171,2025-05-28,Senate,4,"Immediate Release"
2034171,2025-05-28,Senate,5,"Transmitted To House"
2034171,2025-05-28,House,6,"Referred To Appropriations A"
2034171,2025-05-28,House,7,"Title Suff Do Pass"
2034171,2025-05-28,House,8,Passed
2034171,2025-05-28,House,9,"Motion to Reconsider Entered"
2034171,2025-05-29,House,10,"Motion to Reconsider Tabled"
2034171,2025-05-29,House,11,"Returned For Enrolling"
2034171,2025-06-02,Senate,12,"Enrolled Bill Signed"
2034171,2025-06-02,House,13,"Enrolled Bill Signed"
2034171,2025-06-17,,14,"Approved by Governor"
2034172,2025-05-28,Senate,1,"Referred To Appropriations"
2034172,2025-05-28,Senate,2,"Title Suff Do Pass"
2034172,2025-05-28,Senate,3,Passed
2034172,2025-05-28,Senate,4,"Immediate Release"
2034172,2025-05-28,Senate,5,"Transmitted To House"
2034172,2025-05-28,House,6,"Referred To Appropriations A"
2034172,2025-05-28,House,7,"Title Suff Do Pass"
2034172,2025-05-28,House,8,Passed
2034172,2025-05-28,House,9,"Motion to Reconsider Entered"
2034172,2025-05-29,House,10,"Motion to Reconsider Tabled"
2034172,2025-05-29,House,11,"Returned For Enrolling"
2034172,2025-05-30,Senate,12,"Enrolled Bill Signed"
2034172,2025-05-30,House,13,"Enrolled Bill Signed"
2034172,2025-06-04,,14,"Approved by Governor"
2034173,2025-05-28,House,1,"Referred To Appropriations A"
2034173,2025-05-28,House,2,"Title Suff Do Pass"
2034173,2025-05-28,House,3,Passed
2034173,2025-05-28,House,4,"Motion to Reconsider Entered"
2034173,2025-05-29,House,5,"Motion to Reconsider Tabled"
2034173,2025-05-29,House,6,"Transmitted To Senate"
2034173,2025-05-29,Senate,7,"Referred To Appropriations"
2034173,2025-05-29,Senate,8,"Title Suff Do Pass"
2034173,2025-05-29,Senate,9,Passed
2034173,2025-05-29,Senate,10,"Returned For Enrolling"
2034173,2025-06-02,House,11,"Enrolled Bill Signed"
2034173,2025-06-02,Senate,12,"Enrolled Bill Signed"
2034173,2025-06-04,,13,"Approved by Governor"
2034174,2025-05-28,House,1,"Referred To Appropriations A"
2034174,2025-05-28,House,2,"Title Suff Do Pass"
2034174,2025-05-28,House,3,Passed
2034174,2025-05-28,House,4,"Motion to Reconsider Entered"
2034174,2025-05-29,House,5,"Motion to Reconsider Tabled"
2034174,2025-05-29,House,6,"Transmitted To Senate"
2034174,2025-05-29,Senate,7,"Referred To Appropriations"
2034174,2025-05-29,Senate,8,"Title Suff Do Pass"
2034174,2025-05-29,Senate,9,Passed
2034174,2025-05-29,Senate,10,"Returned For Enrolling"
2034174,2025-05-30,House,11,"Enrolled Bill Signed"
2034174,2025-06-02,Senate,12,"Enrolled Bill Signed"
2034174,2025-06-04,,13,"Approved by Governor"
2034175,2025-05-28,House,1,"Referred To Appropriations A"
2034175,2025-05-28,House,2,"Title Suff Do Pass"
2034175,2025-05-28,House,3,Passed
2034175,2025-05-28,House,4,"Motion to Reconsider Entered"
2034175,2025-05-29,House,5,"Motion to Reconsider Tabled"
2034175,2025-05-29,House,6,"Transmitted To Senate"
2034175,2025-05-29,Senate,7,"Referred To Appropriations"
2034175,2025-05-29,Senate,8,"Title Suff Do Pass"
2034175,2025-05-29,Senate,9,Passed
2034175,2025-05-29,Senate,10,"Returned For Enrolling"
2034175,2025-05-30,House,11,"Enrolled Bill Signed"
2034175,2025-06-02,Senate,12,"Enrolled Bill Signed"
2034175,2025-06-04,,13,"Approved by Governor"
2034176,2025-05-28,House,1,"Referred To Appropriations A"
2034176,2025-05-28,House,2,"Title Suff Do Pass"
2034176,2025-05-28,House,3,Passed
2034176,2025-05-28,House,4,"Motion to Reconsider Entered"
2034176,2025-05-29,House,5,"Motion to Reconsider Tabled"
2034176,2025-05-29,House,6,"Transmitted To Senate"
2034176,2025-05-29,Senate,7,"Referred To Appropriations"
2034176,2025-05-29,Senate,8,"Title Suff Do Pass"
2034176,2025-05-29,Senate,9,Passed
2034176,2025-05-29,Senate,10,"Returned For Enrolling"
2034176,2025-06-02,House,11,"Enrolled Bill Signed"
2034176,2025-06-02,Senate,12,"Enrolled Bill Signed"
2034176,2025-06-17,,13,"Approved by Governor"
2034177,2025-05-28,House,1,"Referred To Appropriations A"
2034177,2025-05-28,House,2,"Title Suff Do Pass"
2034177,2025-05-28,House,3,Amended
2034177,2025-05-28,House,4,"Passed As Amended"
2034177,2025-05-28,House,5,"Motion to Reconsider Entered"
2034177,2025-05-29,House,6,"Motion to Reconsider Tabled"
2034177,2025-05-29,House,7,"Transmitted To Senate"
2034177,2025-05-29,Senate,8,"Referred To Appropriations"
2034177,2025-05-29,Senate,9,"Title Suff Do Pass"
2034177,2025-05-29,Senate,10,Passed
2034177,2025-05-29,Senate,11,"Returned For Enrolling"
2034177,2025-05-30,House,12,"Enrolled Bill Signed"
2034177,2025-05-30,Senate,13,"Enrolled Bill Signed"
2034177,2025-06-04,,14,"Approved by Governor"
2034178,2025-05-28,House,1,"Referred To Appropriations A"
2034178,2025-05-28,House,2,"Title Suff Do Pass"
2034178,2025-05-28,House,3,Passed
2034178,2025-05-28,House,4,"Motion to Reconsider Entered"
2034178,2025-05-29,House,5,"Motion to Reconsider Tabled"
2034178,2025-05-29,House,6,"Transmitted To Senate"
2034178,2025-05-29,Senate,7,"Referred To Appropriations"
2034178,2025-05-29,Senate,8,"Title Suff Do Pass"
2034178,2025-05-29,Senate,9,Passed
2034178,2025-05-29,Senate,10,"Returned For Enrolling"
2034178,2025-06-02,House,11,"Enrolled Bill Signed"
2034178,2025-06-02,Senate,12,"Enrolled Bill Signed"
2034178,2025-06-04,,13,"Approved by Governor"
2034179,2025-05-28,Senate,1,"Referred To Appropriations"
2034179,2025-05-28,Senate,2,"Title Suff Do Pass"
2034179,2025-05-28,Senate,3,Passed
2034179,2025-05-28,Senate,4,"Immediate Release"
2034179,2025-05-28,Senate,5,"Transmitted To House"
2034179,2025-05-28,House,6,"Referred To Appropriations A"
2034179,2025-05-28,House,7,"Title Suff Do Pass"
2034179,2025-05-29,House,8,Passed
2034179,2025-05-29,House,9,"Immediate Release"
2034179,2025-05-29,House,10,"Returned For Enrolling"
2034179,2025-05-30,Senate,11,"Enrolled Bill Signed"
2034179,2025-05-30,House,12,"Enrolled Bill Signed"
2034179,2025-06-04,,13,"Approved by Governor"
2034180,2025-05-28,Senate,1,"Referred To Appropriations"
2034180,2025-05-28,Senate,2,"Title Suff Do Pass"
2034180,2025-05-28,Senate,3,Passed
2034180,2025-05-28,Senate,4,"Immediate Release"
2034180,2025-05-28,Senate,5,"Transmitted To House"
2034180,2025-05-28,House,6,"Referred To Appropriations A"
2034180,2025-05-28,House,7,"Title Suff Do Pass"
2034180,2025-05-28,House,8,Passed
2034180,2025-05-28,House,9,"Motion to Reconsider Entered"
2034180,2025-05-29,House,10,"Motion to Reconsider Tabled"
2034180,2025-05-29,House,11,"Returned For Enrolling"
2034180,2025-06-02,Senate,12,"Enrolled Bill Signed"
2034180,2025-06-02,House,13,"Enrolled Bill Signed"
2034180,2025-06-04,,14,"Approved by Governor"
2034181,2025-05-28,Senate,1,"Referred To Appropriations"
2034181,2025-05-28,Senate,2,"Title Suff Do Pass"
2034181,2025-05-28,Senate,3,Passed
2034181,2025-05-28,Senate,4,"Immediate Release"
2034181,2025-05-28,Senate,5,"Transmitted To House"
2034181,2025-05-28,House,6,"Referred To Appropriations A"
2034181,2025-05-28,House,7,"Title Suff Do Pass"
2034181,2025-05-28,House,8,Passed
2034181,2025-05-28,House,9,"Motion to Reconsider Entered"
2034181,2025-05-29,House,10,"Motion to Reconsider Tabled"
2034181,2025-05-29,House,11,"Returned For Enrolling"
2034181,2025-06-02,Senate,12,"Enrolled Bill Signed"
2034181,2025-06-02,House,13,"Enrolled Bill Signed"
2034181,2025-06-04,,14,"Approved by Governor"
2034182,2025-05-28,House,1,"Referred To Appropriations A"
2034182,2025-05-28,House,2,"Title Suff Do Pass"
2034182,2025-05-28,House,3,Passed
2034182,2025-05-28,House,4,"Motion to Reconsider Entered"
2034182,2025-05-29,House,5,"Motion to Reconsider Tabled"
2034182,2025-05-29,House,6,"Transmitted To Senate"
2034182,2025-05-29,Senate,7,"Referred To Appropriations"
2034182,2025-05-29,Senate,8,"Title Suff Do Pass"
2034182,2025-05-29,Senate,9,Passed
2034182,2025-05-29,Senate,10,"Returned For Enrolling"
2034182,2025-05-30,House,11,"Enrolled Bill Signed"
2034182,2025-05-30,Senate,12,"Enrolled Bill Signed"
2034182,2025-06-04,,13,"Approved by Governor"
2034183,2025-05-28,House,1,"Referred To Appropriations A"
2034183,2025-05-28,House,2,"Title Suff Do Pass"
2034183,2025-05-28,House,3,Passed
2034183,2025-05-28,House,4,"Motion to Reconsider Entered"
2034183,2025-05-29,House,5,"Motion to Reconsider Tabled"
2034183,2025-05-29,House,6,"Transmitted To Senate"
2034183,2025-05-29,Senate,7,"Referred To Appropriations"
2034183,2025-05-29,Senate,8,"Title Suff Do Pass"
2034183,2025-05-29,Senate,9,Passed
2034183,2025-05-29,Senate,10,"Returned For Enrolling"
2034183,2025-05-30,House,11,"Enrolled Bill Signed"
2034183,2025-05-30,Senate,12,"Enrolled Bill Signed"
2034183,2025-06-04,,13,"Approved by Governor"
2034184,2025-05-28,Senate,1,"Referred To Appropriations"
2034184,2025-05-28,Senate,2,"Title Suff Do Pass"
2034184,2025-05-28,Senate,3,Passed
2034184,2025-05-28,Senate,4,"Immediate Release"
2034184,2025-05-28,Senate,5,"Transmitted To House"
2034184,2025-05-28,House,6,"Referred To Appropriations A"
2034184,2025-05-28,House,7,"Title Suff Do Pass"
2034184,2025-05-28,House,8,Amended
2034184,2025-05-28,House,9,"Passed As Amended"
2034184,2025-05-28,House,10,"Motion to Reconsider Entered"
2034184,2025-05-29,House,11,"Motion to Reconsider Tabled"
2034184,2025-05-29,House,12,"Returned For Concurrence"
2034184,2025-05-29,Senate,13,"Concurred in Amend From House"
2034184,2025-05-30,Senate,14,"Enrolled Bill Signed"
2034184,2025-05-30,House,15,"Enrolled Bill Signed"
2034184,2025-06-17,,16,"Approved by Governor"
2034185,2025-05-28,Senate,1,"Referred To Appropriations"
2034185,2025-05-28,Senate,2,"Title Suff Do Pass"
2034185,2025-05-28,Senate,3,Passed
2034185,2025-05-28,Senate,4,"Immediate Release"
2034185,2025-05-28,Senate,5,"Transmitted To House"
2034185,2025-05-28,House,6,"Referred To Appropriations A"
2034185,2025-05-28,House,7,"Title Suff Do Pass"
2034185,2025-05-28,House,8,Passed
2034185,2025-05-28,House,9,"Motion to Reconsider Entered"
2034185,2025-05-29,House,10,"Motion to Reconsider Tabled"
2034185,2025-05-29,House,11,"Returned For Enrolling"
2034185,2025-06-02,Senate,12,"Enrolled Bill Signed"
2034185,2025-06-02,House,13,"Enrolled Bill Signed"
2034185,2025-06-17,,14,"Partially Vetoed By Governor"
2034186,2025-05-28,House,1,"Referred To Appropriations A"
2034186,2025-05-28,House,2,"Title Suff Do Pass"
2034186,2025-05-28,House,3,Passed
2034186,2025-05-28,House,4,"Motion to Reconsider Entered"
2034186,2025-05-29,House,5,"Motion to Reconsider Tabled"
2034186,2025-05-29,House,6,"Transmitted To Senate"
2034186,2025-05-29,Senate,7,"Referred To Appropriations"
2034186,2025-05-29,Senate,8,"Title Suff Do Pass"
2034186,2025-05-29,Senate,9,Passed
2034186,2025-05-29,Senate,10,"Returned For Enrolling"
2034186,2025-06-02,House,11,"Enrolled Bill Signed"
2034186,2025-06-02,Senate,12,"Enrolled Bill Signed"
2034186,2025-06-04,,13,"Approved by Governor"
2034187,2025-05-28,Senate,1,"Referred To Appropriations"
2034187,2025-05-28,Senate,2,"Title Suff Do Pass"
2034187,2025-05-28,Senate,3,Passed
2034187,2025-05-28,Senate,4,"Immediate Release"
2034187,2025-05-28,Senate,5,"Transmitted To House"
2034187,2025-05-28,House,6,"Referred To Appropriations A"
2034187,2025-05-28,House,7,"Title Suff Do Pass"
2034187,2025-05-28,House,8,Passed
2034187,2025-05-28,House,9,"Motion to Reconsider Entered"
2034187,2025-05-29,House,10,"Motion to Reconsider Tabled"
2034187,2025-05-29,House,11,"Returned For Enrolling"
2034187,2025-06-02,Senate,12,"Enrolled Bill Signed"
2034187,2025-06-02,House,13,"Enrolled Bill Signed"
2034187,2025-06-04,,14,"Approved by Governor"
2034188,2025-05-28,Senate,1,"Referred To Appropriations"
2034188,2025-05-28,Senate,2,"Title Suff Do Pass"
2034188,2025-05-28,Senate,3,Passed
2034188,2025-05-28,Senate,4,"Immediate Release"
2034188,2025-05-28,Senate,5,"Transmitted To House"
2034188,2025-05-28,House,6,"Referred To Appropriations A"
2034188,2025-05-28,House,7,"Title Suff Do Pass"
2034188,2025-05-28,House,8,Passed
2034188,2025-05-29,House,9,"Immediate Release"
2034188,2025-05-29,House,10,"Returned For Enrolling"
2034188,2025-05-30,Senate,11,"Enrolled Bill Signed"
2034188,2025-05-30,House,12,"Enrolled Bill Signed"
2034188,2025-06-17,,13,"Approved by Governor"
2034189,2025-05-28,House,1,"Referred To Appropriations A"
2034189,2025-05-28,House,2,"Title Suff Do Pass"
2034189,2025-05-28,House,3,Passed
2034189,2025-05-28,House,4,"Immediate Release"
2034189,2025-05-28,House,5,"Transmitted To Senate"
2034189,2025-05-28,House,6,"Motion to Reconsider Entered (Read, Cockerham)"
2034189,2025-05-28,House,7,"Recalled From Senate"
2034189,2025-05-29,House,8,"Motion to Reconsider Tabled"
2034189,2025-05-29,House,9,"Transmitted To Senate"
2034189,2025-05-29,Senate,10,"Referred To Appropriations"
2034189,2025-05-29,Senate,11,"Title Suff Do Pass"
2034189,2025-05-29,Senate,12,Passed
2034189,2025-05-29,Senate,13,"Returned For Enrolling"
2034189,2025-05-30,House,14,"Enrolled Bill Signed"
2034189,2025-05-30,Senate,15,"Enrolled Bill Signed"
2034189,2025-06-04,,16,"Approved by Governor"
2034190,2025-05-28,Senate,1,"Referred To Appropriations"
2034190,2025-05-28,Senate,2,"Title Suff Do Pass"
2034190,2025-05-28,Senate,3,Passed
2034190,2025-05-28,Senate,4,"Immediate Release"
2034190,2025-05-28,Senate,5,"Transmitted To House"
2034190,2025-05-28,House,6,"Referred To Appropriations A"
2034190,2025-05-28,House,7,"Title Suff Do Pass"
2034190,2025-05-28,House,8,Passed
2034190,2025-05-28,House,9,"Motion to Reconsider Entered"
2034190,2025-05-29,House,10,"Motion to Reconsider Tabled"
2034190,2025-05-29,House,11,"Returned For Enrolling"
2034190,2025-06-02,Senate,12,"Enrolled Bill Signed"
2034190,2025-06-02,House,13,"Enrolled Bill Signed"
2034190,2025-06-17,,14,"Partially Vetoed By Governor"
2034191,2025-05-28,House,1,"Referred To Judiciary B"
2034191,2025-05-28,House,2,"Title Suff Do Pass"
2034191,2025-05-28,House,3,Passed
2034191,2025-05-28,House,4,"Immediate Release"
2034191,2025-05-28,House,5,"Transmitted To Senate"
2034191,2025-05-28,House,6,"Motion to Reconsider Entered (Horan, Owen)"
2034191,2025-05-28,House,7,"Recalled From Senate"
2034191,2025-05-29,House,8,"Motion to Reconsider Tabled"
2034191,2025-05-29,House,9,"Transmitted To Senate"
2034191,2025-05-29,Senate,10,"Referred To Judiciary, Division A"
2034191,2025-05-29,Senate,11,"Title Suff Do Pass"
2034191,2025-05-29,Senate,12,Passed
2034191,2025-05-29,Senate,13,"Returned For Enrolling"
2034191,2025-05-30,House,14,"Enrolled Bill Signed"
2034191,2025-05-30,Senate,15,"Enrolled Bill Signed"
2034191,2025-06-17,,16,"Approved by Governor"
2034192,2025-05-28,Senate,1,"Referred To Appropriations"
2034192,2025-05-28,Senate,2,"Title Suff Do Pass"
2034192,2025-05-28,Senate,3,Passed
2034192,2025-05-28,Senate,4,"Immediate Release"
2034192,2025-05-28,Senate,5,"Transmitted To House"
2034192,2025-05-28,House,6,"Referred To Appropriations A"
2034192,2025-05-28,House,7,"Title Suff Do Pass"
2034192,2025-05-28,House,8,Passed
2034192,2025-05-28,House,9,"Motion to Reconsider Entered"
2034192,2025-05-29,House,10,"Motion to Reconsider Tabled"
2034192,2025-05-29,House,11,"Returned For Enrolling"
2034192,2025-06-02,Senate,12,"Enrolled Bill Signed"
2034192,2025-06-02,House,13,"Enrolled Bill Signed"
2034192,2025-06-04,,14,"Approved by Governor"
2034193,2025-05-28,Senate,1,"Referred To Appropriations"
2034193,2025-05-28,Senate,2,"Title Suff Do Pass"
2034193,2025-05-28,Senate,3,Passed
2034193,2025-05-28,Senate,4,"Immediate Release"
2034193,2025-05-28,Senate,5,"Transmitted To House"
2034193,2025-05-28,House,6,"Referred To Appropriations A"
2034193,2025-05-28,House,7,"Title Suff Do Pass"
2034193,2025-05-28,House,8,Passed
2034193,2025-05-28,House,9,"Motion to Reconsider Entered"
2034193,2025-05-29,House,10,"Motion to Reconsider Tabled"
2034193,2025-05-29,House,11,"Returned For Enrolling"
2034193,2025-06-02,Senate,12,"Enrolled Bill Signed"
2034193,2025-06-02,House,13,"Enrolled Bill Signed"
2034193,2025-06-04,,14,"Approved by Governor"
2034194,2025-05-28,Senate,1,"Referred To Appropriations"
2034194,2025-05-28,Senate,2,"Title Suff Do Pass"
2034194,2025-05-28,Senate,3,Passed
2034194,2025-05-28,Senate,4,"Immediate Release"
2034194,2025-05-28,Senate,5,"Transmitted To House"
2034194,2025-05-28,House,6,"Referred To Appropriations A"
2034194,2025-05-28,House,7,"Title Suff Do Pass"
2034194,2025-05-28,House,8,Passed
2034194,2025-05-28,House,9,"Motion to Reconsider Entered (Read, Cockerham)"
2034194,2025-05-29,House,10,"Motion to Reconsider Tabled"
2034194,2025-05-29,House,11,"Returned For Enrolling"
2034194,2025-05-30,Senate,12,"Enrolled Bill Signed"
2034194,2025-05-30,House,13,"Enrolled Bill Signed"
2034194,2025-06-04,,14,"Approved by Governor"
2034195,2025-05-28,House,1,"Referred To Appropriations A"
2034195,2025-05-28,House,2,"Title Suff Do Pass"
2034195,2025-05-28,House,3,Passed
2034195,2025-05-28,House,4,"Motion to Reconsider Entered"
2034195,2025-05-29,House,5,"Motion to Reconsider Tabled"
2034195,2025-05-29,House,6,"Transmitted To Senate"
2034195,2025-05-29,Senate,7,"Referred To Appropriations"
2034195,2025-05-29,Senate,8,"Title Suff Do Pass"
2034195,2025-05-29,Senate,9,Passed
2034195,2025-05-29,Senate,10,"Returned For Enrolling"
2034195,2025-06-02,House,11,"Enrolled Bill Signed"
2034195,2025-06-02,Senate,12,"Enrolled Bill Signed"
2034195,2025-06-17,,13,"Approved by Governor"
2034196,2025-05-28,Senate,1,"Referred To Appropriations"
2034196,2025-05-28,Senate,2,"Title Suff Do Pass"
2034196,2025-05-28,Senate,3,Passed
2034196,2025-05-28,Senate,4,"Immediate Release"
2034196,2025-05-28,Senate,5,"Transmitted To House"
2034196,2025-05-28,House,6,"Referred To Appropriations A"
2034196,2025-05-28,House,7,"Title Suff Do Pass"
2034196,2025-05-28,House,8,Passed
2034196,2025-05-28,House,9,"Motion to Reconsider Entered"
2034196,2025-05-29,House,10,"Motion to Reconsider Tabled"
2034196,2025-05-29,House,11,"Returned For Enrolling"
2034196,2025-05-30,Senate,12,"Enrolled Bill Signed"
2034196,2025-05-30,House,13,"Enrolled Bill Signed"
2034196,2025-06-04,,14,"Approved by Governor"
2034197,2025-05-28,House,1,"Referred To Appropriations A"
2034197,2025-05-28,House,2,"Title Suff Do Pass"
2034197,2025-05-28,House,3,Passed
2034197,2025-05-28,House,4,"Motion to Reconsider Entered"
2034197,2025-05-29,House,5,"Motion to Reconsider Tabled"
2034197,2025-05-29,House,6,"Transmitted To Senate"
2034197,2025-05-29,Senate,7,"Referred To Appropriations"
2034197,2025-05-29,Senate,8,"Title Suff Do Pass"
2034197,2025-05-29,Senate,9,Passed
2034197,2025-05-29,Senate,10,"Returned For Enrolling"
2034197,2025-06-02,House,11,"Enrolled Bill Signed"
2034197,2025-06-02,Senate,12,"Enrolled Bill Signed"
2034197,2025-06-17,,13,"Approved by Governor"
2034198,2025-05-28,House,1,"Referred To Rules"
2034198,2025-05-28,House,2,"Title Suff Do Be Adopted"
2034198,2025-05-28,House,3,Adopted
2034198,2025-05-28,House,4,"Immediate Release"
2034198,2025-05-28,House,5,"Enrolled Bill Signed"
2034199,2025-05-28,Senate,1,"Referred To Rules"
2034199,2025-05-28,Senate,2,"Title Suff Do Be Adopted"
2034199,2025-05-28,Senate,3,Adopted
2034200,2025-05-28,House,1,"Referred To Appropriations A"
2034200,2025-05-28,House,2,"Title Suff Do Pass"
2034200,2025-05-28,House,3,Passed
2034200,2025-05-28,House,4,"Immediate Release"
2034200,2025-05-28,House,5,"Transmitted To Senate"
2034200,2025-05-28,House,6,"Motion to Reconsider Entered"
2034200,2025-05-28,House,7,"Recalled From Senate"
2034200,2025-05-29,House,8,"Motion to Reconsider Tabled"
2034200,2025-05-29,House,9,"Transmitted To Senate"
2034200,2025-05-29,Senate,10,"Referred To Appropriations"
2034200,2025-05-29,Senate,11,"Title Suff Do Pass"
2034200,2025-05-29,Senate,12,Passed
2034200,2025-05-29,Senate,13,"Returned For Enrolling"
2034200,2025-06-02,House,14,"Enrolled Bill Signed"
2034200,2025-06-02,Senate,15,"Enrolled Bill Signed"
2034200,2025-06-04,,16,"Approved by Governor"
2034201,2025-05-28,Senate,1,"Referred To Appropriations"
2034201,2025-05-28,Senate,2,"Title Suff Do Pass"
2034201,2025-05-28,Senate,3,Passed
2034201,2025-05-28,Senate,4,"Immediate Release"
2034201,2025-05-28,Senate,5,"Transmitted To House"
2034201,2025-05-28,House,6,"Referred To Appropriations A"
2034201,2025-05-28,House,7,"Title Suff Do Pass"
2034201,2025-05-28,House,8,Passed
2034201,2025-05-28,House,9,"Motion to Reconsider Entered"
2034201,2025-05-29,House,10,"Motion to Reconsider Tabled"
2034201,2025-05-29,House,11,"Returned For Enrolling"
2034201,2025-06-02,Senate,12,"Enrolled Bill Signed"
2034201,2025-06-02,House,13,"Enrolled Bill Signed"
2034201,2025-06-04,,14,"Approved by Governor"
2034202,2025-05-28,House,1,"Referred To Appropriations A"
2034202,2025-05-28,House,2,"Title Suff Do Pass"
2034202,2025-05-28,House,3,Passed
2034202,2025-05-28,House,4,"Motion to Reconsider Entered"
2034202,2025-05-29,House,5,"Motion to Reconsider Tabled"
2034202,2025-05-29,House,6,"Transmitted To Senate"
2034202,2025-05-29,Senate,7,"Referred To Appropriations"
2034202,2025-05-29,Senate,8,"Title Suff Do Pass"
2034202,2025-05-29,Senate,9,Passed
2034202,2025-05-29,Senate,10,"Returned For Enrolling"
2034202,2025-06-02,House,11,"Enrolled Bill Signed"
2034202,2025-06-02,Senate,12,"Enrolled Bill Signed"
2034202,2025-06-04,,13,"Approved by Governor"
2034322,2025-05-28,House,1,"Referred To Appropriations A"
2034322,2025-05-28,House,2,"Title Suff Do Pass"
2034322,2025-05-28,House,3,Passed
2034322,2025-05-28,House,4,"Motion to Reconsider Entered"
2034322,2025-05-29,House,5,"Motion to Reconsider Tabled"
2034322,2025-05-29,House,6,"Transmitted To Senate"
2034322,2025-05-29,Senate,7,"Referred To Appropriations"
2034322,2025-05-29,Senate,8,"Title Suff Do Pass"
2034322,2025-05-29,Senate,9,Passed
2034322,2025-05-29,Senate,10,"Returned For Enrolling"
2034322,2025-06-02,House,11,"Enrolled Bill Signed"
2034322,2025-06-02,Senate,12,"Enrolled Bill Signed"
2034322,2025-06-17,,13,Vetoed
